,survived,pclass,sex,age,sibsp,parch,fare,embarked,class,who,adult_male,deck,embark_town,alive,alone,fare_naira
0,0,3,male,22.0,1,0,7.25,S,Third,man,True,,Southampton,no,False,14500.0
1,1,1,female,38.0,1,0,71.2833,C,First,woman,False,C,Cherbourg,yes,False,142566.6
2,1,3,female,26.0,0,0,7.925,S,Third,woman,False,,Southampton,yes,True,15850.0
3,1,1,female,35.0,1,0,53.1,S,First,woman,False,C,Southampton,yes,False,106200.0
4,0,3,male,35.0,0,0,8.05,S,Third,man,True,,Southampton,no,True,16100.000000000002
5,0,3,male,,0,0,8.4583,Q,Third,man,True,,Queenstown,no,True,16916.6
6,0,1,male,54.0,0,0,51.8625,S,First,man,True,E,Southampton,no,True,103725.0
7,0,3,male,2.0,3,1,21.075,S,Third,child,False,,Southampton,no,False,42150.0
8,1,3,female,27.0,0,2,11.1333,S,Third,woman,False,,Southampton,yes,False,22266.600000000002
9,1,2,female,14.0,1,0,30.0708,C,Second,child,False,,Cherbourg,yes,False,60141.6
10,1,3,female,4.0,1,1,16.7,S,Third,child,False,G,Southampton,yes,False,33400.0
11,1,1,female,58.0,0,0,26.55,S,First,woman,False,C,Southampton,yes,True,53100.0
12,0,3,male,20.0,0,0,8.05,S,Third,man,True,,Southampton,no,True,16100.000000000002
13,0,3,male,39.0,1,5,31.275,S,Third,man,True,,Southampton,no,False,62550.0
14,0,3,female,14.0,0,0,7.8542,S,Third,child,False,,Southampton,no,True,15708.4
15,1,2,female,55.0,0,0,16.0,S,Second,woman,False,,Southampton,yes,True,32000.0
16,0,3,male,2.0,4,1,29.125,Q,Third,child,False,,Queenstown,no,False,58250.0
17,1,2,male,,0,0,13.0,S,Second,man,True,,Southampton,yes,True,26000.0
18,0,3,female,31.0,1,0,18.0,S,Third,woman,False,,Southampton,no,False,36000.0
19,1,3,female,,0,0,7.225,C,Third,woman,False,,Cherbourg,yes,True,14450.0
20,0,2,male,35.0,0,0,26.0,S,Second,man,True,,Southampton,no,True,52000.0
21,1,2,male,34.0,0,0,13.0,S,Second,man,True,D,Southampton,yes,True,26000.0
22,1,3,female,15.0,0,0,8.0292,Q,Third,child,False,,Queenstown,yes,True,16058.4
23,1,1,male,28.0,0,0,35.5,S,First,man,True,A,Southampton,yes,True,71000.0
24,0,3,female,8.0,3,1,21.075,S,Third,child,False,,Southampton,no,False,42150.0
25,1,3,female,38.0,1,5,31.3875,S,Third,woman,False,,Southampton,yes,False,62775.0
26,0,3,male,,0,0,7.225,C,Third,man,True,,Cherbourg,no,True,14450.0
27,0,1,male,19.0,3,2,263.0,S,First,man,True,C,Southampton,no,False,526000.0
28,1,3,female,,0,0,7.8792,Q,Third,woman,False,,Queenstown,yes,True,15758.4
29,0,3,male,,0,0,7.8958,S,Third,man,True,,Southampton,no,True,15791.6
30,0,1,male,40.0,0,0,27.7208,C,First,man,True,,Cherbourg,no,True,55441.6
31,1,1,female,,1,0,146.5208,C,First,woman,False,B,Cherbourg,yes,False,293041.60000000003
32,1,3,female,,0,0,7.75,Q,Third,woman,False,,Queenstown,yes,True,15500.0
33,0,2,male,66.0,0,0,10.5,S,Second,man,True,,Southampton,no,True,21000.0
34,0,1,male,28.0,1,0,82.1708,C,First,man,True,,Cherbourg,no,False,164341.6
35,0,1,male,42.0,1,0,52.0,S,First,man,True,,Southampton,no,False,104000.0
36,1,3,male,,0,0,7.2292,C,Third,man,True,,Cherbourg,yes,True,14458.4
37,0,3,male,21.0,0,0,8.05,S,Third,man,True,,Southampton,no,True,16100.000000000002
38,0,3,female,18.0,2,0,18.0,S,Third,woman,False,,Southampton,no,False,36000.0
39,1,3,female,14.0,1,0,11.2417,C,Third,child,False,,Cherbourg,yes,False,22483.399999999998
40,0,3,female,40.0,1,0,9.475,S,Third,woman,False,,Southampton,no,False,18950.0
41,0,2,female,27.0,1,0,21.0,S,Second,woman,False,,Southampton,no,False,42000.0
42,0,3,male,,0,0,7.8958,C,Third,man,True,,Cherbourg,no,True,15791.6
43,1,2,female,3.0,1,2,41.5792,C,Second,child,False,,Cherbourg,yes,False,83158.4
44,1,3,female,19.0,0,0,7.8792,Q,Third,woman,False,,Queenstown,yes,True,15758.4
45,0,3,male,,0,0,8.05,S,Third,man,True,,Southampton,no,True,16100.000000000002
46,0,3,male,,1,0,15.5,Q,Third,man,True,,Queenstown,no,False,31000.0
47,1,3,female,,0,0,7.75,Q,Third,woman,False,,Queenstown,yes,True,15500.0
48,0,3,male,,2,0,21.6792,C,Third,man,True,,Cherbourg,no,False,43358.4
49,0,3,female,18.0,1,0,17.8,S,Third,woman,False,,Southampton,no,False,35600.0
50,0,3,male,7.0,4,1,39.6875,S,Third,child,False,,Southampton,no,False,79375.0
51,0,3,male,21.0,0,0,7.8,S,Third,man,True,,Southampton,no,True,15600.0
52,1,1,female,49.0,1,0,76.7292,C,First,woman,False,D,Cherbourg,yes,False,153458.40000000002
53,1,2,female,29.0,1,0,26.0,S,Second,woman,False,,Southampton,yes,False,52000.0
54,0,1,male,65.0,0,1,61.9792,C,First,man,True,B,Cherbourg,no,False,123958.4
55,1,1,male,,0,0,35.5,S,First,man,True,C,Southampton,yes,True,71000.0
56,1,2,female,21.0,0,0,10.5,S,Second,woman,False,,Southampton,yes,True,21000.0
57,0,3,male,28.5,0,0,7.2292,C,Third,man,True,,Cherbourg,no,True,14458.4
58,1,2,female,5.0,1,2,27.75,S,Second,child,False,,Southampton,yes,False,55500.0
59,0,3,male,11.0,5,2,46.9,S,Third,child,False,,Southampton,no,False,93800.0
60,0,3,male,22.0,0,0,7.2292,C,Third,man,True,,Cherbourg,no,True,14458.4
61,1,1,female,38.0,0,0,80.0,,First,woman,False,B,,yes,True,160000.0
62,0,1,male,45.0,1,0,83.475,S,First,man,True,C,Southampton,no,False,166950.0
63,0,3,male,4.0,3,2,27.9,S,Third,child,False,,Southampton,no,False,55800.0
64,0,1,male,,0,0,27.7208,C,First,man,True,,Cherbourg,no,True,55441.6
65,1,3,male,,1,1,15.2458,C,Third,man,True,,Cherbourg,yes,False,30491.6
66,1,2,female,29.0,0,0,10.5,S,Second,woman,False,F,Southampton,yes,True,21000.0
67,0,3,male,19.0,0,0,8.1583,S,Third,man,True,,Southampton,no,True,16316.6
68,1,3,female,17.0,4,2,7.925,S,Third,woman,False,,Southampton,yes,False,15850.0
69,0,3,male,26.0,2,0,8.6625,S,Third,man,True,,Southampton,no,False,17325.0
70,0,2,male,32.0,0,0,10.5,S,Second,man,True,,Southampton,no,True,21000.0
71,0,3,female,16.0,5,2,46.9,S,Third,woman,False,,Southampton,no,False,93800.0
72,0,2,male,21.0,0,0,73.5,S,Second,man,True,,Southampton,no,True,147000.0
73,0,3,male,26.0,1,0,14.4542,C,Third,man,True,,Cherbourg,no,False,28908.4
74,1,3,male,32.0,0,0,56.4958,S,Third,man,True,,Southampton,yes,True,112991.6
75,0,3,male,25.0,0,0,7.65,S,Third,man,True,F,Southampton,no,True,15300.0
76,0,3,male,,0,0,7.8958,S,Third,man,True,,Southampton,no,True,15791.6
77,0,3,male,,0,0,8.05,S,Third,man,True,,Southampton,no,True,16100.000000000002
78,1,2,male,0.83,0,2,29.0,S,Second,child,False,,Southampton,yes,False,58000.0
79,1,3,female,30.0,0,0,12.475,S,Third,woman,False,,Southampton,yes,True,24950.0
80,0,3,male,22.0,0,0,9.0,S,Third,man,True,,Southampton,no,True,18000.0
81,1,3,male,29.0,0,0,9.5,S,Third,man,True,,Southampton,yes,True,19000.0
82,1,3,female,,0,0,7.7875,Q,Third,woman,False,,Queenstown,yes,True,15575.0
83,0,1,male,28.0,0,0,47.1,S,First,man,True,,Southampton,no,True,94200.0
84,1,2,female,17.0,0,0,10.5,S,Second,woman,False,,Southampton,yes,True,21000.0
85,1,3,female,33.0,3,0,15.85,S,Third,woman,False,,Southampton,yes,False,31700.0
86,0,3,male,16.0,1,3,34.375,S,Third,man,True,,Southampton,no,False,68750.0
87,0,3,male,,0,0,8.05,S,Third,man,True,,Southampton,no,True,16100.000000000002
88,1,1,female,23.0,3,2,263.0,S,First,woman,False,C,Southampton,yes,False,526000.0
89,0,3,male,24.0,0,0,8.05,S,Third,man,True,,Southampton,no,True,16100.000000000002
90,0,3,male,29.0,0,0,8.05,S,Third,man,True,,Southampton,no,True,16100.000000000002
91,0,3,male,20.0,0,0,7.8542,S,Third,man,True,,Southampton,no,True,15708.4
92,0,1,male,46.0,1,0,61.175,S,First,man,True,E,Southampton,no,False,122350.0
93,0,3,male,26.0,1,2,20.575,S,Third,man,True,,Southampton,no,False,41150.0
94,0,3,male,59.0,0,0,7.25,S,Third,man,True,,Southampton,no,True,14500.0
95,0,3,male,,0,0,8.05,S,Third,man,True,,Southampton,no,True,16100.000000000002
96,0,1,male,71.0,0,0,34.6542,C,First,man,True,A,Cherbourg,no,True,69308.40000000001
97,1,1,male,23.0,0,1,63.3583,C,First,man,True,D,Cherbourg,yes,False,126716.6
98,1,2,female,34.0,0,1,23.0,S,Second,woman,False,,Southampton,yes,False,46000.0
99,0,2,male,34.0,1,0,26.0,S,Second,man,True,,Southampton,no,False,52000.0
100,0,3,female,28.0,0,0,7.8958,S,Third,woman,False,,Southampton,no,True,15791.6
101,0,3,male,,0,0,7.8958,S,Third,man,True,,Southampton,no,True,15791.6
102,0,1,male,21.0,0,1,77.2875,S,First,man,True,D,Southampton,no,False,154575.0
103,0,3,male,33.0,0,0,8.6542,S,Third,man,True,,Southampton,no,True,17308.399999999998
104,0,3,male,37.0,2,0,7.925,S,Third,man,True,,Southampton,no,False,15850.0
105,0,3,male,28.0,0,0,7.8958,S,Third,man,True,,Southampton,no,True,15791.6
106,1,3,female,21.0,0,0,7.65,S,Third,woman,False,,Southampton,yes,True,15300.0
107,1,3,male,,0,0,7.775,S,Third,man,True,,Southampton,yes,True,15550.0
108,0,3,male,38.0,0,0,7.8958,S,Third,man,True,,Southampton,no,True,15791.6
109,1,3,female,,1,0,24.15,Q,Third,woman,False,,Queenstown,yes,False,48300.0
110,0,1,male,47.0,0,0,52.0,S,First,man,True,C,Southampton,no,True,104000.0
111,0,3,female,14.5,1,0,14.4542,C,Third,child,False,,Cherbourg,no,False,28908.4
112,0,3,male,22.0,0,0,8.05,S,Third,man,True,,Southampton,no,True,16100.000000000002
113,0,3,female,20.0,1,0,9.825,S,Third,woman,False,,Southampton,no,False,19650.0
114,0,3,female,17.0,0,0,14.4583,C,Third,woman,False,,Cherbourg,no,True,28916.6
115,0,3,male,21.0,0,0,7.925,S,Third,man,True,,Southampton,no,True,15850.0
116,0,3,male,70.5,0,0,7.75,Q,Third,man,True,,Queenstown,no,True,15500.0
117,0,2,male,29.0,1,0,21.0,S,Second,man,True,,Southampton,no,False,42000.0
118,0,1,male,24.0,0,1,247.5208,C,First,man,True,B,Cherbourg,no,False,495041.60000000003
119,0,3,female,2.0,4,2,31.275,S,Third,child,False,,Southampton,no,False,62550.0
120,0,2,male,21.0,2,0,73.5,S,Second,man,True,,Southampton,no,False,147000.0
121,0,3,male,,0,0,8.05,S,Third,man,True,,Southampton,no,True,16100.000000000002
122,0,2,male,32.5,1,0,30.0708,C,Second,man,True,,Cherbourg,no,False,60141.6
123,1,2,female,32.5,0,0,13.0,S,Second,woman,False,E,Southampton,yes,True,26000.0
124,0,1,male,54.0,0,1,77.2875,S,First,man,True,D,Southampton,no,False,154575.0
125,1,3,male,12.0,1,0,11.2417,C,Third,child,False,,Cherbourg,yes,False,22483.399999999998
126,0,3,male,,0,0,7.75,Q,Third,man,True,,Queenstown,no,True,15500.0
127,1,3,male,24.0,0,0,7.1417,S,Third,man,True,,Southampton,yes,True,14283.4
128,1,3,female,,1,1,22.3583,C,Third,woman,False,F,Cherbourg,yes,False,44716.6
129,0,3,male,45.0,0,0,6.975,S,Third,man,True,,Southampton,no,True,13950.0
130,0,3,male,33.0,0,0,7.8958,C,Third,man,True,,Cherbourg,no,True,15791.6
131,0,3,male,20.0,0,0,7.05,S,Third,man,True,,Southampton,no,True,14100.0
132,0,3,female,47.0,1,0,14.5,S,Third,woman,False,,Southampton,no,False,29000.0
133,1,2,female,29.0,1,0,26.0,S,Second,woman,False,,Southampton,yes,False,52000.0
134,0,2,male,25.0,0,0,13.0,S,Second,man,True,,Southampton,no,True,26000.0
135,0,2,male,23.0,0,0,15.0458,C,Second,man,True,,Cherbourg,no,True,30091.6
136,1,1,female,19.0,0,2,26.2833,S,First,woman,False,D,Southampton,yes,False,52566.6
137,0,1,male,37.0,1,0,53.1,S,First,man,True,C,Southampton,no,False,106200.0
138,0,3,male,16.0,0,0,9.2167,S,Third,man,True,,Southampton,no,True,18433.399999999998
139,0,1,male,24.0,0,0,79.2,C,First,man,True,B,Cherbourg,no,True,158400.0
140,0,3,female,,0,2,15.2458,C,Third,woman,False,,Cherbourg,no,False,30491.6
141,1,3,female,22.0,0,0,7.75,S,Third,woman,False,,Southampton,yes,True,15500.0
142,1,3,female,24.0,1,0,15.85,S,Third,woman,False,,Southampton,yes,False,31700.0
143,0,3,male,19.0,0,0,6.75,Q,Third,man,True,,Queenstown,no,True,13500.0
144,0,2,male,18.0,0,0,11.5,S,Second,man,True,,Southampton,no,True,23000.0
145,0,2,male,19.0,1,1,36.75,S,Second,man,True,,Southampton,no,False,73500.0
146,1,3,male,27.0,0,0,7.7958,S,Third,man,True,,Southampton,yes,True,15591.6
147,0,3,female,9.0,2,2,34.375,S,Third,child,False,,Southampton,no,False,68750.0
148,0,2,male,36.5,0,2,26.0,S,Second,man,True,F,Southampton,no,False,52000.0
149,0,2,male,42.0,0,0,13.0,S,Second,man,True,,Southampton,no,True,26000.0
150,0,2,male,51.0,0,0,12.525,S,Second,man,True,,Southampton,no,True,25050.0
151,1,1,female,22.0,1,0,66.6,S,First,woman,False,C,Southampton,yes,False,133200.0
152,0,3,male,55.5,0,0,8.05,S,Third,man,True,,Southampton,no,True,16100.000000000002
153,0,3,male,40.5,0,2,14.5,S,Third,man,True,,Southampton,no,False,29000.0
154,0,3,male,,0,0,7.3125,S,Third,man,True,,Southampton,no,True,14625.0
155,0,1,male,51.0,0,1,61.3792,C,First,man,True,,Cherbourg,no,False,122758.4
156,1,3,female,16.0,0,0,7.7333,Q,Third,woman,False,,Queenstown,yes,True,15466.6
157,0,3,male,30.0,0,0,8.05,S,Third,man,True,,Southampton,no,True,16100.000000000002
158,0,3,male,,0,0,8.6625,S,Third,man,True,,Southampton,no,True,17325.0
159,0,3,male,,8,2,69.55,S,Third,man,True,,Southampton,no,False,139100.0
160,0,3,male,44.0,0,1,16.1,S,Third,man,True,,Southampton,no,False,32200.000000000004
161,1,2,female,40.0,0,0,15.75,S,Second,woman,False,,Southampton,yes,True,31500.0
162,0,3,male,26.0,0,0,7.775,S,Third,man,True,,Southampton,no,True,15550.0
163,0,3,male,17.0,0,0,8.6625,S,Third,man,True,,Southampton,no,True,17325.0
164,0,3,male,1.0,4,1,39.6875,S,Third,child,False,,Southampton,no,False,79375.0
165,1,3,male,9.0,0,2,20.525,S,Third,child,False,,Southampton,yes,False,41050.0
166,1,1,female,,0,1,55.0,S,First,woman,False,E,Southampton,yes,False,110000.0
167,0,3,female,45.0,1,4,27.9,S,Third,woman,False,,Southampton,no,False,55800.0
168,0,1,male,,0,0,25.925,S,First,man,True,,Southampton,no,True,51850.0
169,0,3,male,28.0,0,0,56.4958,S,Third,man,True,,Southampton,no,True,112991.6
170,0,1,male,61.0,0,0,33.5,S,First,man,True,B,Southampton,no,True,67000.0
171,0,3,male,4.0,4,1,29.125,Q,Third,child,False,,Queenstown,no,False,58250.0
172,1,3,female,1.0,1,1,11.1333,S,Third,child,False,,Southampton,yes,False,22266.600000000002
173,0,3,male,21.0,0,0,7.925,S,Third,man,True,,Southampton,no,True,15850.0
174,0,1,male,56.0,0,0,30.6958,C,First,man,True,A,Cherbourg,no,True,61391.6
175,0,3,male,18.0,1,1,7.8542,S,Third,man,True,,Southampton,no,False,15708.4
176,0,3,male,,3,1,25.4667,S,Third,man,True,,Southampton,no,False,50933.4
177,0,1,female,50.0,0,0,28.7125,C,First,woman,False,C,Cherbourg,no,True,57425.0
178,0,2,male,30.0,0,0,13.0,S,Second,man,True,,Southampton,no,True,26000.0
179,0,3,male,36.0,0,0,0.0,S,Third,man,True,,Southampton,no,True,0.0
180,0,3,female,,8,2,69.55,S,Third,woman,False,,Southampton,no,False,139100.0
181,0,2,male,,0,0,15.05,C,Second,man,True,,Cherbourg,no,True,30100.0
182,0,3,male,9.0,4,2,31.3875,S,Third,child,False,,Southampton,no,False,62775.0
183,1,2,male,1.0,2,1,39.0,S,Second,child,False,F,Southampton,yes,False,78000.0
184,1,3,female,4.0,0,2,22.025,S,Third,child,False,,Southampton,yes,False,44050.0
185,0,1,male,,0,0,50.0,S,First,man,True,A,Southampton,no,True,100000.0
186,1,3,female,,1,0,15.5,Q,Third,woman,False,,Queenstown,yes,False,31000.0
187,1,1,male,45.0,0,0,26.55,S,First,man,True,,Southampton,yes,True,53100.0
188,0,3,male,40.0,1,1,15.5,Q,Third,man,True,,Queenstown,no,False,31000.0
189,0,3,male,36.0,0,0,7.8958,S,Third,man,True,,Southampton,no,True,15791.6
190,1,2,female,32.0,0,0,13.0,S,Second,woman,False,,Southampton,yes,True,26000.0
191,0,2,male,19.0,0,0,13.0,S,Second,man,True,,Southampton,no,True,26000.0
192,1,3,female,19.0,1,0,7.8542,S,Third,woman,False,,Southampton,yes,False,15708.4
193,1,2,male,3.0,1,1,26.0,S,Second,child,False,F,Southampton,yes,False,52000.0
194,1,1,female,44.0,0,0,27.7208,C,First,woman,False,B,Cherbourg,yes,True,55441.6
195,1,1,female,58.0,0,0,146.5208,C,First,woman,False,B,Cherbourg,yes,True,293041.60000000003
196,0,3,male,,0,0,7.75,Q,Third,man,True,,Queenstown,no,True,15500.0
197,0,3,male,42.0,0,1,8.4042,S,Third,man,True,,Southampton,no,False,16808.399999999998
198,1,3,female,,0,0,7.75,Q,Third,woman,False,,Queenstown,yes,True,15500.0
199,0,2,female,24.0,0,0,13.0,S,Second,woman,False,,Southampton,no,True,26000.0
200,0,3,male,28.0,0,0,9.5,S,Third,man,True,,Southampton,no,True,19000.0
201,0,3,male,,8,2,69.55,S,Third,man,True,,Southampton,no,False,139100.0
202,0,3,male,34.0,0,0,6.4958,S,Third,man,True,,Southampton,no,True,12991.6
203,0,3,male,45.5,0,0,7.225,C,Third,man,True,,Cherbourg,no,True,14450.0
204,1,3,male,18.0,0,0,8.05,S,Third,man,True,,Southampton,yes,True,16100.000000000002
205,0,3,female,2.0,0,1,10.4625,S,Third,child,False,G,Southampton,no,False,20925.0
206,0,3,male,32.0,1,0,15.85,S,Third,man,True,,Southampton,no,False,31700.0
207,1,3,male,26.0,0,0,18.7875,C,Third,man,True,,Cherbourg,yes,True,37575.0
208,1,3,female,16.0,0,0,7.75,Q,Third,woman,False,,Queenstown,yes,True,15500.0
209,1,1,male,40.0,0,0,31.0,C,First,man,True,A,Cherbourg,yes,True,62000.0
210,0,3,male,24.0,0,0,7.05,S,Third,man,True,,Southampton,no,True,14100.0
211,1,2,female,35.0,0,0,21.0,S,Second,woman,False,,Southampton,yes,True,42000.0
212,0,3,male,22.0,0,0,7.25,S,Third,man,True,,Southampton,no,True,14500.0
213,0,2,male,30.0,0,0,13.0,S,Second,man,True,,Southampton,no,True,26000.0
214,0,3,male,,1,0,7.75,Q,Third,man,True,,Queenstown,no,False,15500.0
215,1,1,female,31.0,1,0,113.275,C,First,woman,False,D,Cherbourg,yes,False,226550.0
216,1,3,female,27.0,0,0,7.925,S,Third,woman,False,,Southampton,yes,True,15850.0
217,0,2,male,42.0,1,0,27.0,S,Second,man,True,,Southampton,no,False,54000.0
218,1,1,female,32.0,0,0,76.2917,C,First,woman,False,D,Cherbourg,yes,True,152583.40000000002
219,0,2,male,30.0,0,0,10.5,S,Second,man,True,,Southampton,no,True,21000.0
220,1,3,male,16.0,0,0,8.05,S,Third,man,True,,Southampton,yes,True,16100.000000000002
221,0,2,male,27.0,0,0,13.0,S,Second,man,True,,Southampton,no,True,26000.0
222,0,3,male,51.0,0,0,8.05,S,Third,man,True,,Southampton,no,True,16100.000000000002
223,0,3,male,,0,0,7.8958,S,Third,man,True,,Southampton,no,True,15791.6
224,1,1,male,38.0,1,0,90.0,S,First,man,True,C,Southampton,yes,False,180000.0
225,0,3,male,22.0,0,0,9.35,S,Third,man,True,,Southampton,no,True,18700.0
226,1,2,male,19.0,0,0,10.5,S,Second,man,True,,Southampton,yes,True,21000.0
227,0,3,male,20.5,0,0,7.25,S,Third,man,True,,Southampton,no,True,14500.0
228,0,2,male,18.0,0,0,13.0,S,Second,man,True,,Southampton,no,True,26000.0
229,0,3,female,,3,1,25.4667,S,Third,woman,False,,Southampton,no,False,50933.4
230,1,1,female,35.0,1,0,83.475,S,First,woman,False,C,Southampton,yes,False,166950.0
231,0,3,male,29.0,0,0,7.775,S,Third,man,True,,Southampton,no,True,15550.0
232,0,2,male,59.0,0,0,13.5,S,Second,man,True,,Southampton,no,True,27000.0
233,1,3,female,5.0,4,2,31.3875,S,Third,child,False,,Southampton,yes,False,62775.0
234,0,2,male,24.0,0,0,10.5,S,Second,man,True,,Southampton,no,True,21000.0
235,0,3,female,,0,0,7.55,S,Third,woman,False,,Southampton,no,True,15100.0
236,0,2,male,44.0,1,0,26.0,S,Second,man,True,,Southampton,no,False,52000.0
237,1,2,female,8.0,0,2,26.25,S,Second,child,False,,Southampton,yes,False,52500.0
238,0,2,male,19.0,0,0,10.5,S,Second,man,True,,Southampton,no,True,21000.0
239,0,2,male,33.0,0,0,12.275,S,Second,man,True,,Southampton,no,True,24550.0
240,0,3,female,,1,0,14.4542,C,Third,woman,False,,Cherbourg,no,False,28908.4
241,1,3,female,,1,0,15.5,Q,Third,woman,False,,Queenstown,yes,False,31000.0
242,0,2,male,29.0,0,0,10.5,S,Second,man,True,,Southampton,no,True,21000.0
243,0,3,male,22.0,0,0,7.125,S,Third,man,True,,Southampton,no,True,14250.0
244,0,3,male,30.0,0,0,7.225,C,Third,man,True,,Cherbourg,no,True,14450.0
245,0,1,male,44.0,2,0,90.0,Q,First,man,True,C,Queenstown,no,False,180000.0
246,0,3,female,25.0,0,0,7.775,S,Third,woman,False,,Southampton,no,True,15550.0
247,1,2,female,24.0,0,2,14.5,S,Second,woman,False,,Southampton,yes,False,29000.0
248,1,1,male,37.0,1,1,52.5542,S,First,man,True,D,Southampton,yes,False,105108.40000000001
249,0,2,male,54.0,1,0,26.0,S,Second,man,True,,Southampton,no,False,52000.0
250,0,3,male,,0,0,7.25,S,Third,man,True,,Southampton,no,True,14500.0
251,0,3,female,29.0,1,1,10.4625,S,Third,woman,False,G,Southampton,no,False,20925.0
252,0,1,male,62.0,0,0,26.55,S,First,man,True,C,Southampton,no,True,53100.0
253,0,3,male,30.0,1,0,16.1,S,Third,man,True,,Southampton,no,False,32200.000000000004
254,0,3,female,41.0,0,2,20.2125,S,Third,woman,False,,Southampton,no,False,40425.0
255,1,3,female,29.0,0,2,15.2458,C,Third,woman,False,,Cherbourg,yes,False,30491.6
256,1,1,female,,0,0,79.2,C,First,woman,False,,Cherbourg,yes,True,158400.0
257,1,1,female,30.0,0,0,86.5,S,First,woman,False,B,Southampton,yes,True,173000.0
258,1,1,female,35.0,0,0,512.3292,C,First,woman,False,,Cherbourg,yes,True,1024658.4
259,1,2,female,50.0,0,1,26.0,S,Second,woman,False,,Southampton,yes,False,52000.0
260,0,3,male,,0,0,7.75,Q,Third,man,True,,Queenstown,no,True,15500.0
261,1,3,male,3.0,4,2,31.3875,S,Third,child,False,,Southampton,yes,False,62775.0
262,0,1,male,52.0,1,1,79.65,S,First,man,True,E,Southampton,no,False,159300.0
263,0,1,male,40.0,0,0,0.0,S,First,man,True,B,Southampton,no,True,0.0
264,0,3,female,,0,0,7.75,Q,Third,woman,False,,Queenstown,no,True,15500.0
265,0,2,male,36.0,0,0,10.5,S,Second,man,True,,Southampton,no,True,21000.0
266,0,3,male,16.0,4,1,39.6875,S,Third,man,True,,Southampton,no,False,79375.0
267,1,3,male,25.0,1,0,7.775,S,Third,man,True,,Southampton,yes,False,15550.0
268,1,1,female,58.0,0,1,153.4625,S,First,woman,False,C,Southampton,yes,False,306925.0
269,1,1,female,35.0,0,0,135.6333,S,First,woman,False,C,Southampton,yes,True,271266.6
270,0,1,male,,0,0,31.0,S,First,man,True,,Southampton,no,True,62000.0
271,1,3,male,25.0,0,0,0.0,S,Third,man,True,,Southampton,yes,True,0.0
272,1,2,female,41.0,0,1,19.5,S,Second,woman,False,,Southampton,yes,False,39000.0
273,0,1,male,37.0,0,1,29.7,C,First,man,True,C,Cherbourg,no,False,59400.0
274,1,3,female,,0,0,7.75,Q,Third,woman,False,,Queenstown,yes,True,15500.0
275,1,1,female,63.0,1,0,77.9583,S,First,woman,False,D,Southampton,yes,False,155916.59999999998
276,0,3,female,45.0,0,0,7.75,S,Third,woman,False,,Southampton,no,True,15500.0
277,0,2,male,,0,0,0.0,S,Second,man,True,,Southampton,no,True,0.0
278,0,3,male,7.0,4,1,29.125,Q,Third,child,False,,Queenstown,no,False,58250.0
279,1,3,female,35.0,1,1,20.25,S,Third,woman,False,,Southampton,yes,False,40500.0
280,0,3,male,65.0,0,0,7.75,Q,Third,man,True,,Queenstown,no,True,15500.0
281,0,3,male,28.0,0,0,7.8542,S,Third,man,True,,Southampton,no,True,15708.4
282,0,3,male,16.0,0,0,9.5,S,Third,man,True,,Southampton,no,True,19000.0
283,1,3,male,19.0,0,0,8.05,S,Third,man,True,,Southampton,yes,True,16100.000000000002
284,0,1,male,,0,0,26.0,S,First,man,True,A,Southampton,no,True,52000.0
285,0,3,male,33.0,0,0,8.6625,C,Third,man,True,,Cherbourg,no,True,17325.0
286,1,3,male,30.0,0,0,9.5,S,Third,man,True,,Southampton,yes,True,19000.0
287,0,3,male,22.0,0,0,7.8958,S,Third,man,True,,Southampton,no,True,15791.6
288,1,2,male,42.0,0,0,13.0,S,Second,man,True,,Southampton,yes,True,26000.0
289,1,3,female,22.0,0,0,7.75,Q,Third,woman,False,,Queenstown,yes,True,15500.0
290,1,1,female,26.0,0,0,78.85,S,First,woman,False,,Southampton,yes,True,157700.0
291,1,1,female,19.0,1,0,91.0792,C,First,woman,False,B,Cherbourg,yes,False,182158.4
292,0,2,male,36.0,0,0,12.875,C,Second,man,True,D,Cherbourg,no,True,25750.0
293,0,3,female,24.0,0,0,8.85,S,Third,woman,False,,Southampton,no,True,17700.0
294,0,3,male,24.0,0,0,7.8958,S,Third,man,True,,Southampton,no,True,15791.6
295,0,1,male,,0,0,27.7208,C,First,man,True,,Cherbourg,no,True,55441.6
296,0,3,male,23.5,0,0,7.2292,C,Third,man,True,,Cherbourg,no,True,14458.4
297,0,1,female,2.0,1,2,151.55,S,First,child,False,C,Southampton,no,False,303100.0
298,1,1,male,,0,0,30.5,S,First,man,True,C,Southampton,yes,True,61000.0
299,1,1,female,50.0,0,1,247.5208,C,First,woman,False,B,Cherbourg,yes,False,495041.60000000003
300,1,3,female,,0,0,7.75,Q,Third,woman,False,,Queenstown,yes,True,15500.0
301,1,3,male,,2,0,23.25,Q,Third,man,True,,Queenstown,yes,False,46500.0
302,0,3,male,19.0,0,0,0.0,S,Third,man,True,,Southampton,no,True,0.0
303,1,2,female,,0,0,12.35,Q,Second,woman,False,E,Queenstown,yes,True,24700.0
304,0,3,male,,0,0,8.05,S,Third,man,True,,Southampton,no,True,16100.000000000002
305,1,1,male,0.92,1,2,151.55,S,First,child,False,C,Southampton,yes,False,303100.0
306,1,1,female,,0,0,110.8833,C,First,woman,False,,Cherbourg,yes,True,221766.6
307,1,1,female,17.0,1,0,108.9,C,First,woman,False,C,Cherbourg,yes,False,217800.0
308,0,2,male,30.0,1,0,24.0,C,Second,man,True,,Cherbourg,no,False,48000.0
309,1,1,female,30.0,0,0,56.9292,C,First,woman,False,E,Cherbourg,yes,True,113858.40000000001
310,1,1,female,24.0,0,0,83.1583,C,First,woman,False,C,Cherbourg,yes,True,166316.6
311,1,1,female,18.0,2,2,262.375,C,First,woman,False,B,Cherbourg,yes,False,524750.0
312,0,2,female,26.0,1,1,26.0,S,Second,woman,False,,Southampton,no,False,52000.0
313,0,3,male,28.0,0,0,7.8958,S,Third,man,True,,Southampton,no,True,15791.6
314,0,2,male,43.0,1,1,26.25,S,Second,man,True,,Southampton,no,False,52500.0
315,1,3,female,26.0,0,0,7.8542,S,Third,woman,False,,Southampton,yes,True,15708.4
316,1,2,female,24.0,1,0,26.0,S,Second,woman,False,,Southampton,yes,False,52000.0
317,0,2,male,54.0,0,0,14.0,S,Second,man,True,,Southampton,no,True,28000.0
318,1,1,female,31.0,0,2,164.8667,S,First,woman,False,C,Southampton,yes,False,329733.4
319,1,1,female,40.0,1,1,134.5,C,First,woman,False,E,Cherbourg,yes,False,269000.0
320,0,3,male,22.0,0,0,7.25,S,Third,man,True,,Southampton,no,True,14500.0
321,0,3,male,27.0,0,0,7.8958,S,Third,man,True,,Southampton,no,True,15791.6
322,1,2,female,30.0,0,0,12.35,Q,Second,woman,False,,Queenstown,yes,True,24700.0
323,1,2,female,22.0,1,1,29.0,S,Second,woman,False,,Southampton,yes,False,58000.0
324,0,3,male,,8,2,69.55,S,Third,man,True,,Southampton,no,False,139100.0
325,1,1,female,36.0,0,0,135.6333,C,First,woman,False,C,Cherbourg,yes,True,271266.6
326,0,3,male,61.0,0,0,6.2375,S,Third,man,True,,Southampton,no,True,12475.0
327,1,2,female,36.0,0,0,13.0,S,Second,woman,False,D,Southampton,yes,True,26000.0
328,1,3,female,31.0,1,1,20.525,S,Third,woman,False,,Southampton,yes,False,41050.0
329,1,1,female,16.0,0,1,57.9792,C,First,woman,False,B,Cherbourg,yes,False,115958.4
330,1,3,female,,2,0,23.25,Q,Third,woman,False,,Queenstown,yes,False,46500.0
331,0,1,male,45.5,0,0,28.5,S,First,man,True,C,Southampton,no,True,57000.0
332,0,1,male,38.0,0,1,153.4625,S,First,man,True,C,Southampton,no,False,306925.0
333,0,3,male,16.0,2,0,18.0,S,Third,man,True,,Southampton,no,False,36000.0
334,1,1,female,,1,0,133.65,S,First,woman,False,,Southampton,yes,False,267300.0
335,0,3,male,,0,0,7.8958,S,Third,man,True,,Southampton,no,True,15791.6
336,0,1,male,29.0,1,0,66.6,S,First,man,True,C,Southampton,no,False,133200.0
337,1,1,female,41.0,0,0,134.5,C,First,woman,False,E,Cherbourg,yes,True,269000.0
338,1,3,male,45.0,0,0,8.05,S,Third,man,True,,Southampton,yes,True,16100.000000000002
339,0,1,male,45.0,0,0,35.5,S,First,man,True,,Southampton,no,True,71000.0
340,1,2,male,2.0,1,1,26.0,S,Second,child,False,F,Southampton,yes,False,52000.0
341,1,1,female,24.0,3,2,263.0,S,First,woman,False,C,Southampton,yes,False,526000.0
342,0,2,male,28.0,0,0,13.0,S,Second,man,True,,Southampton,no,True,26000.0
343,0,2,male,25.0,0,0,13.0,S,Second,man,True,,Southampton,no,True,26000.0
344,0,2,male,36.0,0,0,13.0,S,Second,man,True,,Southampton,no,True,26000.0
345,1,2,female,24.0,0,0,13.0,S,Second,woman,False,F,Southampton,yes,True,26000.0
346,1,2,female,40.0,0,0,13.0,S,Second,woman,False,,Southampton,yes,True,26000.0
347,1,3,female,,1,0,16.1,S,Third,woman,False,,Southampton,yes,False,32200.000000000004
348,1,3,male,3.0,1,1,15.9,S,Third,child,False,,Southampton,yes,False,31800.0
349,0,3,male,42.0,0,0,8.6625,S,Third,man,True,,Southampton,no,True,17325.0
350,0,3,male,23.0,0,0,9.225,S,Third,man,True,,Southampton,no,True,18450.0
351,0,1,male,,0,0,35.0,S,First,man,True,C,Southampton,no,True,70000.0
352,0,3,male,15.0,1,1,7.2292,C,Third,child,False,,Cherbourg,no,False,14458.4
353,0,3,male,25.0,1,0,17.8,S,Third,man,True,,Southampton,no,False,35600.0
354,0,3,male,,0,0,7.225,C,Third,man,True,,Cherbourg,no,True,14450.0
355,0,3,male,28.0,0,0,9.5,S,Third,man,True,,Southampton,no,True,19000.0
356,1,1,female,22.0,0,1,55.0,S,First,woman,False,E,Southampton,yes,False,110000.0
357,0,2,female,38.0,0,0,13.0,S,Second,woman,False,,Southampton,no,True,26000.0
358,1,3,female,,0,0,7.8792,Q,Third,woman,False,,Queenstown,yes,True,15758.4
359,1,3,female,,0,0,7.8792,Q,Third,woman,False,,Queenstown,yes,True,15758.4
360,0,3,male,40.0,1,4,27.9,S,Third,man,True,,Southampton,no,False,55800.0
361,0,2,male,29.0,1,0,27.7208,C,Second,man,True,,Cherbourg,no,False,55441.6
362,0,3,female,45.0,0,1,14.4542,C,Third,woman,False,,Cherbourg,no,False,28908.4
363,0,3,male,35.0,0,0,7.05,S,Third,man,True,,Southampton,no,True,14100.0
364,0,3,male,,1,0,15.5,Q,Third,man,True,,Queenstown,no,False,31000.0
365,0,3,male,30.0,0,0,7.25,S,Third,man,True,,Southampton,no,True,14500.0
366,1,1,female,60.0,1,0,75.25,C,First,woman,False,D,Cherbourg,yes,False,150500.0
367,1,3,female,,0,0,7.2292,C,Third,woman,False,,Cherbourg,yes,True,14458.4
368,1,3,female,,0,0,7.75,Q,Third,woman,False,,Queenstown,yes,True,15500.0
369,1,1,female,24.0,0,0,69.3,C,First,woman,False,B,Cherbourg,yes,True,138600.0
370,1,1,male,25.0,1,0,55.4417,C,First,man,True,E,Cherbourg,yes,False,110883.4
371,0,3,male,18.0,1,0,6.4958,S,Third,man,True,,Southampton,no,False,12991.6
372,0,3,male,19.0,0,0,8.05,S,Third,man,True,,Southampton,no,True,16100.000000000002
373,0,1,male,22.0,0,0,135.6333,C,First,man,True,,Cherbourg,no,True,271266.6
374,0,3,female,3.0,3,1,21.075,S,Third,child,False,,Southampton,no,False,42150.0
375,1,1,female,,1,0,82.1708,C,First,woman,False,,Cherbourg,yes,False,164341.6
376,1,3,female,22.0,0,0,7.25,S,Third,woman,False,,Southampton,yes,True,14500.0
377,0,1,male,27.0,0,2,211.5,C,First,man,True,C,Cherbourg,no,False,423000.0
378,0,3,male,20.0,0,0,4.0125,C,Third,man,True,,Cherbourg,no,True,8025.0
379,0,3,male,19.0,0,0,7.775,S,Third,man,True,,Southampton,no,True,15550.0
380,1,1,female,42.0,0,0,227.525,C,First,woman,False,,Cherbourg,yes,True,455050.0
381,1,3,female,1.0,0,2,15.7417,C,Third,child,False,,Cherbourg,yes,False,31483.399999999998
382,0,3,male,32.0,0,0,7.925,S,Third,man,True,,Southampton,no,True,15850.0
383,1,1,female,35.0,1,0,52.0,S,First,woman,False,,Southampton,yes,False,104000.0
384,0,3,male,,0,0,7.8958,S,Third,man,True,,Southampton,no,True,15791.6
385,0,2,male,18.0,0,0,73.5,S,Second,man,True,,Southampton,no,True,147000.0
386,0,3,male,1.0,5,2,46.9,S,Third,child,False,,Southampton,no,False,93800.0
387,1,2,female,36.0,0,0,13.0,S,Second,woman,False,,Southampton,yes,True,26000.0
388,0,3,male,,0,0,7.7292,Q,Third,man,True,,Queenstown,no,True,15458.4
389,1,2,female,17.0,0,0,12.0,C,Second,woman,False,,Cherbourg,yes,True,24000.0
390,1,1,male,36.0,1,2,120.0,S,First,man,True,B,Southampton,yes,False,240000.0
391,1,3,male,21.0,0,0,7.7958,S,Third,man,True,,Southampton,yes,True,15591.6
392,0,3,male,28.0,2,0,7.925,S,Third,man,True,,Southampton,no,False,15850.0
393,1,1,female,23.0,1,0,113.275,C,First,woman,False,D,Cherbourg,yes,False,226550.0
394,1,3,female,24.0,0,2,16.7,S,Third,woman,False,G,Southampton,yes,False,33400.0
395,0,3,male,22.0,0,0,7.7958,S,Third,man,True,,Southampton,no,True,15591.6
396,0,3,female,31.0,0,0,7.8542,S,Third,woman,False,,Southampton,no,True,15708.4
397,0,2,male,46.0,0,0,26.0,S,Second,man,True,,Southampton,no,True,52000.0
398,0,2,male,23.0,0,0,10.5,S,Second,man,True,,Southampton,no,True,21000.0
399,1,2,female,28.0,0,0,12.65,S,Second,woman,False,,Southampton,yes,True,25300.0
400,1,3,male,39.0,0,0,7.925,S,Third,man,True,,Southampton,yes,True,15850.0
401,0,3,male,26.0,0,0,8.05,S,Third,man,True,,Southampton,no,True,16100.000000000002
402,0,3,female,21.0,1,0,9.825,S,Third,woman,False,,Southampton,no,False,19650.0
403,0,3,male,28.0,1,0,15.85,S,Third,man,True,,Southampton,no,False,31700.0
404,0,3,female,20.0,0,0,8.6625,S,Third,woman,False,,Southampton,no,True,17325.0
405,0,2,male,34.0,1,0,21.0,S,Second,man,True,,Southampton,no,False,42000.0
406,0,3,male,51.0,0,0,7.75,S,Third,man,True,,Southampton,no,True,15500.0
407,1,2,male,3.0,1,1,18.75,S,Second,child,False,,Southampton,yes,False,37500.0
408,0,3,male,21.0,0,0,7.775,S,Third,man,True,,Southampton,no,True,15550.0
409,0,3,female,,3,1,25.4667,S,Third,woman,False,,Southampton,no,False,50933.4
410,0,3,male,,0,0,7.8958,S,Third,man,True,,Southampton,no,True,15791.6
411,0,3,male,,0,0,6.8583,Q,Third,man,True,,Queenstown,no,True,13716.6
412,1,1,female,33.0,1,0,90.0,Q,First,woman,False,C,Queenstown,yes,False,180000.0
413,0,2,male,,0,0,0.0,S,Second,man,True,,Southampton,no,True,0.0
414,1,3,male,44.0,0,0,7.925,S,Third,man,True,,Southampton,yes,True,15850.0
415,0,3,female,,0,0,8.05,S,Third,woman,False,,Southampton,no,True,16100.000000000002
416,1,2,female,34.0,1,1,32.5,S,Second,woman,False,,Southampton,yes,False,65000.0
417,1,2,female,18.0,0,2,13.0,S,Second,woman,False,,Southampton,yes,False,26000.0
418,0,2,male,30.0,0,0,13.0,S,Second,man,True,,Southampton,no,True,26000.0
419,0,3,female,10.0,0,2,24.15,S,Third,child,False,,Southampton,no,False,48300.0
420,0,3,male,,0,0,7.8958,C,Third,man,True,,Cherbourg,no,True,15791.6
421,0,3,male,21.0,0,0,7.7333,Q,Third,man,True,,Queenstown,no,True,15466.6
422,0,3,male,29.0,0,0,7.875,S,Third,man,True,,Southampton,no,True,15750.0
423,0,3,female,28.0,1,1,14.4,S,Third,woman,False,,Southampton,no,False,28800.0
424,0,3,male,18.0,1,1,20.2125,S,Third,man,True,,Southampton,no,False,40425.0
425,0,3,male,,0,0,7.25,S,Third,man,True,,Southampton,no,True,14500.0
426,1,2,female,28.0,1,0,26.0,S,Second,woman,False,,Southampton,yes,False,52000.0
427,1,2,female,19.0,0,0,26.0,S,Second,woman,False,,Southampton,yes,True,52000.0
428,0,3,male,,0,0,7.75,Q,Third,man,True,,Queenstown,no,True,15500.0
429,1,3,male,32.0,0,0,8.05,S,Third,man,True,E,Southampton,yes,True,16100.000000000002
430,1,1,male,28.0,0,0,26.55,S,First,man,True,C,Southampton,yes,True,53100.0
431,1,3,female,,1,0,16.1,S,Third,woman,False,,Southampton,yes,False,32200.000000000004
432,1,2,female,42.0,1,0,26.0,S,Second,woman,False,,Southampton,yes,False,52000.0
433,0,3,male,17.0,0,0,7.125,S,Third,man,True,,Southampton,no,True,14250.0
434,0,1,male,50.0,1,0,55.9,S,First,man,True,E,Southampton,no,False,111800.0
435,1,1,female,14.0,1,2,120.0,S,First,child,False,B,Southampton,yes,False,240000.0
436,0,3,female,21.0,2,2,34.375,S,Third,woman,False,,Southampton,no,False,68750.0
437,1,2,female,24.0,2,3,18.75,S,Second,woman,False,,Southampton,yes,False,37500.0
438,0,1,male,64.0,1,4,263.0,S,First,man,True,C,Southampton,no,False,526000.0
439,0,2,male,31.0,0,0,10.5,S,Second,man,True,,Southampton,no,True,21000.0
440,1,2,female,45.0,1,1,26.25,S,Second,woman,False,,Southampton,yes,False,52500.0
441,0,3,male,20.0,0,0,9.5,S,Third,man,True,,Southampton,no,True,19000.0
442,0,3,male,25.0,1,0,7.775,S,Third,man,True,,Southampton,no,False,15550.0
443,1,2,female,28.0,0,0,13.0,S,Second,woman,False,,Southampton,yes,True,26000.0
444,1,3,male,,0,0,8.1125,S,Third,man,True,,Southampton,yes,True,16225.000000000002
445,1,1,male,4.0,0,2,81.8583,S,First,child,False,A,Southampton,yes,False,163716.6
446,1,2,female,13.0,0,1,19.5,S,Second,child,False,,Southampton,yes,False,39000.0
447,1,1,male,34.0,0,0,26.55,S,First,man,True,,Southampton,yes,True,53100.0
448,1,3,female,5.0,2,1,19.2583,C,Third,child,False,,Cherbourg,yes,False,38516.6
449,1,1,male,52.0,0,0,30.5,S,First,man,True,C,Southampton,yes,True,61000.0
450,0,2,male,36.0,1,2,27.75,S,Second,man,True,,Southampton,no,False,55500.0
451,0,3,male,,1,0,19.9667,S,Third,man,True,,Southampton,no,False,39933.4
452,0,1,male,30.0,0,0,27.75,C,First,man,True,C,Cherbourg,no,True,55500.0
453,1,1,male,49.0,1,0,89.1042,C,First,man,True,C,Cherbourg,yes,False,178208.40000000002
454,0,3,male,,0,0,8.05,S,Third,man,True,,Southampton,no,True,16100.000000000002
455,1,3,male,29.0,0,0,7.8958,C,Third,man,True,,Cherbourg,yes,True,15791.6
456,0,1,male,65.0,0,0,26.55,S,First,man,True,E,Southampton,no,True,53100.0
457,1,1,female,,1,0,51.8625,S,First,woman,False,D,Southampton,yes,False,103725.0
458,1,2,female,50.0,0,0,10.5,S,Second,woman,False,,Southampton,yes,True,21000.0
459,0,3,male,,0,0,7.75,Q,Third,man,True,,Queenstown,no,True,15500.0
460,1,1,male,48.0,0,0,26.55,S,First,man,True,E,Southampton,yes,True,53100.0
461,0,3,male,34.0,0,0,8.05,S,Third,man,True,,Southampton,no,True,16100.000000000002
462,0,1,male,47.0,0,0,38.5,S,First,man,True,E,Southampton,no,True,77000.0
463,0,2,male,48.0,0,0,13.0,S,Second,man,True,,Southampton,no,True,26000.0
464,0,3,male,,0,0,8.05,S,Third,man,True,,Southampton,no,True,16100.000000000002
465,0,3,male,38.0,0,0,7.05,S,Third,man,True,,Southampton,no,True,14100.0
466,0,2,male,,0,0,0.0,S,Second,man,True,,Southampton,no,True,0.0
467,0,1,male,56.0,0,0,26.55,S,First,man,True,,Southampton,no,True,53100.0
468,0,3,male,,0,0,7.725,Q,Third,man,True,,Queenstown,no,True,15450.0
469,1,3,female,0.75,2,1,19.2583,C,Third,child,False,,Cherbourg,yes,False,38516.6
470,0,3,male,,0,0,7.25,S,Third,man,True,,Southampton,no,True,14500.0
471,0,3,male,38.0,0,0,8.6625,S,Third,man,True,,Southampton,no,True,17325.0
472,1,2,female,33.0,1,2,27.75,S,Second,woman,False,,Southampton,yes,False,55500.0
473,1,2,female,23.0,0,0,13.7917,C,Second,woman,False,D,Cherbourg,yes,True,27583.4
474,0,3,female,22.0,0,0,9.8375,S,Third,woman,False,,Southampton,no,True,19675.0
475,0,1,male,,0,0,52.0,S,First,man,True,A,Southampton,no,True,104000.0
476,0,2,male,34.0,1,0,21.0,S,Second,man,True,,Southampton,no,False,42000.0
477,0,3,male,29.0,1,0,7.0458,S,Third,man,True,,Southampton,no,False,14091.6
478,0,3,male,22.0,0,0,7.5208,S,Third,man,True,,Southampton,no,True,15041.6
479,1,3,female,2.0,0,1,12.2875,S,Third,child,False,,Southampton,yes,False,24575.0
480,0,3,male,9.0,5,2,46.9,S,Third,child,False,,Southampton,no,False,93800.0
481,0,2,male,,0,0,0.0,S,Second,man,True,,Southampton,no,True,0.0
482,0,3,male,50.0,0,0,8.05,S,Third,man,True,,Southampton,no,True,16100.000000000002
483,1,3,female,63.0,0,0,9.5875,S,Third,woman,False,,Southampton,yes,True,19175.0
484,1,1,male,25.0,1,0,91.0792,C,First,man,True,B,Cherbourg,yes,False,182158.4
485,0,3,female,,3,1,25.4667,S,Third,woman,False,,Southampton,no,False,50933.4
486,1,1,female,35.0,1,0,90.0,S,First,woman,False,C,Southampton,yes,False,180000.0
487,0,1,male,58.0,0,0,29.7,C,First,man,True,B,Cherbourg,no,True,59400.0
488,0,3,male,30.0,0,0,8.05,S,Third,man,True,,Southampton,no,True,16100.000000000002
489,1,3,male,9.0,1,1,15.9,S,Third,child,False,,Southampton,yes,False,31800.0
490,0,3,male,,1,0,19.9667,S,Third,man,True,,Southampton,no,False,39933.4
491,0,3,male,21.0,0,0,7.25,S,Third,man,True,,Southampton,no,True,14500.0
492,0,1,male,55.0,0,0,30.5,S,First,man,True,C,Southampton,no,True,61000.0
493,0,1,male,71.0,0,0,49.5042,C,First,man,True,,Cherbourg,no,True,99008.4
494,0,3,male,21.0,0,0,8.05,S,Third,man,True,,Southampton,no,True,16100.000000000002
495,0,3,male,,0,0,14.4583,C,Third,man,True,,Cherbourg,no,True,28916.6
496,1,1,female,54.0,1,0,78.2667,C,First,woman,False,D,Cherbourg,yes,False,156533.4
497,0,3,male,,0,0,15.1,S,Third,man,True,,Southampton,no,True,30200.0
498,0,1,female,25.0,1,2,151.55,S,First,woman,False,C,Southampton,no,False,303100.0
499,0,3,male,24.0,0,0,7.7958,S,Third,man,True,,Southampton,no,True,15591.6
500,0,3,male,17.0,0,0,8.6625,S,Third,man,True,,Southampton,no,True,17325.0
501,0,3,female,21.0,0,0,7.75,Q,Third,woman,False,,Queenstown,no,True,15500.0
502,0,3,female,,0,0,7.6292,Q,Third,woman,False,,Queenstown,no,True,15258.4
503,0,3,female,37.0,0,0,9.5875,S,Third,woman,False,,Southampton,no,True,19175.0
504,1,1,female,16.0,0,0,86.5,S,First,woman,False,B,Southampton,yes,True,173000.0
505,0,1,male,18.0,1,0,108.9,C,First,man,True,C,Cherbourg,no,False,217800.0
506,1,2,female,33.0,0,2,26.0,S,Second,woman,False,,Southampton,yes,False,52000.0
507,1,1,male,,0,0,26.55,S,First,man,True,,Southampton,yes,True,53100.0
508,0,3,male,28.0,0,0,22.525,S,Third,man,True,,Southampton,no,True,45050.0
509,1,3,male,26.0,0,0,56.4958,S,Third,man,True,,Southampton,yes,True,112991.6
510,1,3,male,29.0,0,0,7.75,Q,Third,man,True,,Queenstown,yes,True,15500.0
511,0,3,male,,0,0,8.05,S,Third,man,True,,Southampton,no,True,16100.000000000002
512,1,1,male,36.0,0,0,26.2875,S,First,man,True,E,Southampton,yes,True,52575.0
513,1,1,female,54.0,1,0,59.4,C,First,woman,False,,Cherbourg,yes,False,118800.0
514,0,3,male,24.0,0,0,7.4958,S,Third,man,True,,Southampton,no,True,14991.6
515,0,1,male,47.0,0,0,34.0208,S,First,man,True,D,Southampton,no,True,68041.6
516,1,2,female,34.0,0,0,10.5,S,Second,woman,False,F,Southampton,yes,True,21000.0
517,0,3,male,,0,0,24.15,Q,Third,man,True,,Queenstown,no,True,48300.0
518,1,2,female,36.0,1,0,26.0,S,Second,woman,False,,Southampton,yes,False,52000.0
519,0,3,male,32.0,0,0,7.8958,S,Third,man,True,,Southampton,no,True,15791.6
520,1,1,female,30.0,0,0,93.5,S,First,woman,False,B,Southampton,yes,True,187000.0
521,0,3,male,22.0,0,0,7.8958,S,Third,man,True,,Southampton,no,True,15791.6
522,0,3,male,,0,0,7.225,C,Third,man,True,,Cherbourg,no,True,14450.0
523,1,1,female,44.0,0,1,57.9792,C,First,woman,False,B,Cherbourg,yes,False,115958.4
524,0,3,male,,0,0,7.2292,C,Third,man,True,,Cherbourg,no,True,14458.4
525,0,3,male,40.5,0,0,7.75,Q,Third,man,True,,Queenstown,no,True,15500.0
526,1,2,female,50.0,0,0,10.5,S,Second,woman,False,,Southampton,yes,True,21000.0
527,0,1,male,,0,0,221.7792,S,First,man,True,C,Southampton,no,True,443558.4
528,0,3,male,39.0,0,0,7.925,S,Third,man,True,,Southampton,no,True,15850.0
529,0,2,male,23.0,2,1,11.5,S,Second,man,True,,Southampton,no,False,23000.0
530,1,2,female,2.0,1,1,26.0,S,Second,child,False,,Southampton,yes,False,52000.0
531,0,3,male,,0,0,7.2292,C,Third,man,True,,Cherbourg,no,True,14458.4
532,0,3,male,17.0,1,1,7.2292,C,Third,man,True,,Cherbourg,no,False,14458.4
533,1,3,female,,0,2,22.3583,C,Third,woman,False,,Cherbourg,yes,False,44716.6
534,0,3,female,30.0,0,0,8.6625,S,Third,woman,False,,Southampton,no,True,17325.0
535,1,2,female,7.0,0,2,26.25,S,Second,child,False,,Southampton,yes,False,52500.0
536,0,1,male,45.0,0,0,26.55,S,First,man,True,B,Southampton,no,True,53100.0
537,1,1,female,30.0,0,0,106.425,C,First,woman,False,,Cherbourg,yes,True,212850.0
538,0,3,male,,0,0,14.5,S,Third,man,True,,Southampton,no,True,29000.0
539,1,1,female,22.0,0,2,49.5,C,First,woman,False,B,Cherbourg,yes,False,99000.0
540,1,1,female,36.0,0,2,71.0,S,First,woman,False,B,Southampton,yes,False,142000.0
541,0,3,female,9.0,4,2,31.275,S,Third,child,False,,Southampton,no,False,62550.0
542,0,3,female,11.0,4,2,31.275,S,Third,child,False,,Southampton,no,False,62550.0
543,1,2,male,32.0,1,0,26.0,S,Second,man,True,,Southampton,yes,False,52000.0
544,0,1,male,50.0,1,0,106.425,C,First,man,True,C,Cherbourg,no,False,212850.0
545,0,1,male,64.0,0,0,26.0,S,First,man,True,,Southampton,no,True,52000.0
546,1,2,female,19.0,1,0,26.0,S,Second,woman,False,,Southampton,yes,False,52000.0
547,1,2,male,,0,0,13.8625,C,Second,man,True,,Cherbourg,yes,True,27725.0
548,0,3,male,33.0,1,1,20.525,S,Third,man,True,,Southampton,no,False,41050.0
549,1,2,male,8.0,1,1,36.75,S,Second,child,False,,Southampton,yes,False,73500.0
550,1,1,male,17.0,0,2,110.8833,C,First,man,True,C,Cherbourg,yes,False,221766.6
551,0,2,male,27.0,0,0,26.0,S,Second,man,True,,Southampton,no,True,52000.0
552,0,3,male,,0,0,7.8292,Q,Third,man,True,,Queenstown,no,True,15658.4
553,1,3,male,22.0,0,0,7.225,C,Third,man,True,,Cherbourg,yes,True,14450.0
554,1,3,female,22.0,0,0,7.775,S,Third,woman,False,,Southampton,yes,True,15550.0
555,0,1,male,62.0,0,0,26.55,S,First,man,True,,Southampton,no,True,53100.0
556,1,1,female,48.0,1,0,39.6,C,First,woman,False,A,Cherbourg,yes,False,79200.0
557,0,1,male,,0,0,227.525,C,First,man,True,,Cherbourg,no,True,455050.0
558,1,1,female,39.0,1,1,79.65,S,First,woman,False,E,Southampton,yes,False,159300.0
559,1,3,female,36.0,1,0,17.4,S,Third,woman,False,,Southampton,yes,False,34800.0
560,0,3,male,,0,0,7.75,Q,Third,man,True,,Queenstown,no,True,15500.0
561,0,3,male,40.0,0,0,7.8958,S,Third,man,True,,Southampton,no,True,15791.6
562,0,2,male,28.0,0,0,13.5,S,Second,man,True,,Southampton,no,True,27000.0
563,0,3,male,,0,0,8.05,S,Third,man,True,,Southampton,no,True,16100.000000000002
564,0,3,female,,0,0,8.05,S,Third,woman,False,,Southampton,no,True,16100.000000000002
565,0,3,male,24.0,2,0,24.15,S,Third,man,True,,Southampton,no,False,48300.0
566,0,3,male,19.0,0,0,7.8958,S,Third,man,True,,Southampton,no,True,15791.6
567,0,3,female,29.0,0,4,21.075,S,Third,woman,False,,Southampton,no,False,42150.0
568,0,3,male,,0,0,7.2292,C,Third,man,True,,Cherbourg,no,True,14458.4
569,1,3,male,32.0,0,0,7.8542,S,Third,man,True,,Southampton,yes,True,15708.4
570,1,2,male,62.0,0,0,10.5,S,Second,man,True,,Southampton,yes,True,21000.0
571,1,1,female,53.0,2,0,51.4792,S,First,woman,False,C,Southampton,yes,False,102958.4
572,1,1,male,36.0,0,0,26.3875,S,First,man,True,E,Southampton,yes,True,52775.0
573,1,3,female,,0,0,7.75,Q,Third,woman,False,,Queenstown,yes,True,15500.0
574,0,3,male,16.0,0,0,8.05,S,Third,man,True,,Southampton,no,True,16100.000000000002
575,0,3,male,19.0,0,0,14.5,S,Third,man,True,,Southampton,no,True,29000.0
576,1,2,female,34.0,0,0,13.0,S,Second,woman,False,,Southampton,yes,True,26000.0
577,1,1,female,39.0,1,0,55.9,S,First,woman,False,E,Southampton,yes,False,111800.0
578,0,3,female,,1,0,14.4583,C,Third,woman,False,,Cherbourg,no,False,28916.6
579,1,3,male,32.0,0,0,7.925,S,Third,man,True,,Southampton,yes,True,15850.0
580,1,2,female,25.0,1,1,30.0,S,Second,woman,False,,Southampton,yes,False,60000.0
581,1,1,female,39.0,1,1,110.8833,C,First,woman,False,C,Cherbourg,yes,False,221766.6
582,0,2,male,54.0,0,0,26.0,S,Second,man,True,,Southampton,no,True,52000.0
583,0,1,male,36.0,0,0,40.125,C,First,man,True,A,Cherbourg,no,True,80250.0
584,0,3,male,,0,0,8.7125,C,Third,man,True,,Cherbourg,no,True,17425.0
585,1,1,female,18.0,0,2,79.65,S,First,woman,False,E,Southampton,yes,False,159300.0
586,0,2,male,47.0,0,0,15.0,S,Second,man,True,,Southampton,no,True,30000.0
587,1,1,male,60.0,1,1,79.2,C,First,man,True,B,Cherbourg,yes,False,158400.0
588,0,3,male,22.0,0,0,8.05,S,Third,man,True,,Southampton,no,True,16100.000000000002
589,0,3,male,,0,0,8.05,S,Third,man,True,,Southampton,no,True,16100.000000000002
590,0,3,male,35.0,0,0,7.125,S,Third,man,True,,Southampton,no,True,14250.0
591,1,1,female,52.0,1,0,78.2667,C,First,woman,False,D,Cherbourg,yes,False,156533.4
592,0,3,male,47.0,0,0,7.25,S,Third,man,True,,Southampton,no,True,14500.0
593,0,3,female,,0,2,7.75,Q,Third,woman,False,,Queenstown,no,False,15500.0
594,0,2,male,37.0,1,0,26.0,S,Second,man,True,,Southampton,no,False,52000.0
595,0,3,male,36.0,1,1,24.15,S,Third,man,True,,Southampton,no,False,48300.0
596,1,2,female,,0,0,33.0,S,Second,woman,False,,Southampton,yes,True,66000.0
597,0,3,male,49.0,0,0,0.0,S,Third,man,True,,Southampton,no,True,0.0
598,0,3,male,,0,0,7.225,C,Third,man,True,,Cherbourg,no,True,14450.0
599,1,1,male,49.0,1,0,56.9292,C,First,man,True,A,Cherbourg,yes,False,113858.40000000001
600,1,2,female,24.0,2,1,27.0,S,Second,woman,False,,Southampton,yes,False,54000.0
601,0,3,male,,0,0,7.8958,S,Third,man,True,,Southampton,no,True,15791.6
602,0,1,male,,0,0,42.4,S,First,man,True,,Southampton,no,True,84800.0
603,0,3,male,44.0,0,0,8.05,S,Third,man,True,,Southampton,no,True,16100.000000000002
604,1,1,male,35.0,0,0,26.55,C,First,man,True,,Cherbourg,yes,True,53100.0
605,0,3,male,36.0,1,0,15.55,S,Third,man,True,,Southampton,no,False,31100.0
606,0,3,male,30.0,0,0,7.8958,S,Third,man,True,,Southampton,no,True,15791.6
607,1,1,male,27.0,0,0,30.5,S,First,man,True,,Southampton,yes,True,61000.0
608,1,2,female,22.0,1,2,41.5792,C,Second,woman,False,,Cherbourg,yes,False,83158.4
609,1,1,female,40.0,0,0,153.4625,S,First,woman,False,C,Southampton,yes,True,306925.0
610,0,3,female,39.0,1,5,31.275,S,Third,woman,False,,Southampton,no,False,62550.0
611,0,3,male,,0,0,7.05,S,Third,man,True,,Southampton,no,True,14100.0
612,1,3,female,,1,0,15.5,Q,Third,woman,False,,Queenstown,yes,False,31000.0
613,0,3,male,,0,0,7.75,Q,Third,man,True,,Queenstown,no,True,15500.0
614,0,3,male,35.0,0,0,8.05,S,Third,man,True,,Southampton,no,True,16100.000000000002
615,1,2,female,24.0,1,2,65.0,S,Second,woman,False,,Southampton,yes,False,130000.0
616,0,3,male,34.0,1,1,14.4,S,Third,man,True,,Southampton,no,False,28800.0
617,0,3,female,26.0,1,0,16.1,S,Third,woman,False,,Southampton,no,False,32200.000000000004
618,1,2,female,4.0,2,1,39.0,S,Second,child,False,F,Southampton,yes,False,78000.0
619,0,2,male,26.0,0,0,10.5,S,Second,man,True,,Southampton,no,True,21000.0
620,0,3,male,27.0,1,0,14.4542,C,Third,man,True,,Cherbourg,no,False,28908.4
621,1,1,male,42.0,1,0,52.5542,S,First,man,True,D,Southampton,yes,False,105108.40000000001
622,1,3,male,20.0,1,1,15.7417,C,Third,man,True,,Cherbourg,yes,False,31483.399999999998
623,0,3,male,21.0,0,0,7.8542,S,Third,man,True,,Southampton,no,True,15708.4
624,0,3,male,21.0,0,0,16.1,S,Third,man,True,,Southampton,no,True,32200.000000000004
625,0,1,male,61.0,0,0,32.3208,S,First,man,True,D,Southampton,no,True,64641.6
626,0,2,male,57.0,0,0,12.35,Q,Second,man,True,,Queenstown,no,True,24700.0
627,1,1,female,21.0,0,0,77.9583,S,First,woman,False,D,Southampton,yes,True,155916.59999999998
628,0,3,male,26.0,0,0,7.8958,S,Third,man,True,,Southampton,no,True,15791.6
629,0,3,male,,0,0,7.7333,Q,Third,man,True,,Queenstown,no,True,15466.6
630,1,1,male,80.0,0,0,30.0,S,First,man,True,A,Southampton,yes,True,60000.0
631,0,3,male,51.0,0,0,7.0542,S,Third,man,True,,Southampton,no,True,14108.4
632,1,1,male,32.0,0,0,30.5,C,First,man,True,B,Cherbourg,yes,True,61000.0
633,0,1,male,,0,0,0.0,S,First,man,True,,Southampton,no,True,0.0
634,0,3,female,9.0,3,2,27.9,S,Third,child,False,,Southampton,no,False,55800.0
635,1,2,female,28.0,0,0,13.0,S,Second,woman,False,,Southampton,yes,True,26000.0
636,0,3,male,32.0,0,0,7.925,S,Third,man,True,,Southampton,no,True,15850.0
637,0,2,male,31.0,1,1,26.25,S,Second,man,True,,Southampton,no,False,52500.0
638,0,3,female,41.0,0,5,39.6875,S,Third,woman,False,,Southampton,no,False,79375.0
639,0,3,male,,1,0,16.1,S,Third,man,True,,Southampton,no,False,32200.000000000004
640,0,3,male,20.0,0,0,7.8542,S,Third,man,True,,Southampton,no,True,15708.4
641,1,1,female,24.0,0,0,69.3,C,First,woman,False,B,Cherbourg,yes,True,138600.0
642,0,3,female,2.0,3,2,27.9,S,Third,child,False,,Southampton,no,False,55800.0
643,1,3,male,,0,0,56.4958,S,Third,man,True,,Southampton,yes,True,112991.6
644,1,3,female,0.75,2,1,19.2583,C,Third,child,False,,Cherbourg,yes,False,38516.6
645,1,1,male,48.0,1,0,76.7292,C,First,man,True,D,Cherbourg,yes,False,153458.40000000002
646,0,3,male,19.0,0,0,7.8958,S,Third,man,True,,Southampton,no,True,15791.6
647,1,1,male,56.0,0,0,35.5,C,First,man,True,A,Cherbourg,yes,True,71000.0
648,0,3,male,,0,0,7.55,S,Third,man,True,,Southampton,no,True,15100.0
649,1,3,female,23.0,0,0,7.55,S,Third,woman,False,,Southampton,yes,True,15100.0
650,0,3,male,,0,0,7.8958,S,Third,man,True,,Southampton,no,True,15791.6
651,1,2,female,18.0,0,1,23.0,S,Second,woman,False,,Southampton,yes,False,46000.0
652,0,3,male,21.0,0,0,8.4333,S,Third,man,True,,Southampton,no,True,16866.6
653,1,3,female,,0,0,7.8292,Q,Third,woman,False,,Queenstown,yes,True,15658.4
654,0,3,female,18.0,0,0,6.75,Q,Third,woman,False,,Queenstown,no,True,13500.0
655,0,2,male,24.0,2,0,73.5,S,Second,man,True,,Southampton,no,False,147000.0
656,0,3,male,,0,0,7.8958,S,Third,man,True,,Southampton,no,True,15791.6
657,0,3,female,32.0,1,1,15.5,Q,Third,woman,False,,Queenstown,no,False,31000.0
658,0,2,male,23.0,0,0,13.0,S,Second,man,True,,Southampton,no,True,26000.0
659,0,1,male,58.0,0,2,113.275,C,First,man,True,D,Cherbourg,no,False,226550.0
660,1,1,male,50.0,2,0,133.65,S,First,man,True,,Southampton,yes,False,267300.0
661,0,3,male,40.0,0,0,7.225,C,Third,man,True,,Cherbourg,no,True,14450.0
662,0,1,male,47.0,0,0,25.5875,S,First,man,True,E,Southampton,no,True,51175.0
663,0,3,male,36.0,0,0,7.4958,S,Third,man,True,,Southampton,no,True,14991.6
664,1,3,male,20.0,1,0,7.925,S,Third,man,True,,Southampton,yes,False,15850.0
665,0,2,male,32.0,2,0,73.5,S,Second,man,True,,Southampton,no,False,147000.0
666,0,2,male,25.0,0,0,13.0,S,Second,man,True,,Southampton,no,True,26000.0
667,0,3,male,,0,0,7.775,S,Third,man,True,,Southampton,no,True,15550.0
668,0,3,male,43.0,0,0,8.05,S,Third,man,True,,Southampton,no,True,16100.000000000002
669,1,1,female,,1,0,52.0,S,First,woman,False,C,Southampton,yes,False,104000.0
670,1,2,female,40.0,1,1,39.0,S,Second,woman,False,,Southampton,yes,False,78000.0
671,0,1,male,31.0,1,0,52.0,S,First,man,True,B,Southampton,no,False,104000.0
672,0,2,male,70.0,0,0,10.5,S,Second,man,True,,Southampton,no,True,21000.0
673,1,2,male,31.0,0,0,13.0,S,Second,man,True,,Southampton,yes,True,26000.0
674,0,2,male,,0,0,0.0,S,Second,man,True,,Southampton,no,True,0.0
675,0,3,male,18.0,0,0,7.775,S,Third,man,True,,Southampton,no,True,15550.0
676,0,3,male,24.5,0,0,8.05,S,Third,man,True,,Southampton,no,True,16100.000000000002
677,1,3,female,18.0,0,0,9.8417,S,Third,woman,False,,Southampton,yes,True,19683.399999999998
678,0,3,female,43.0,1,6,46.9,S,Third,woman,False,,Southampton,no,False,93800.0
679,1,1,male,36.0,0,1,512.3292,C,First,man,True,B,Cherbourg,yes,False,1024658.4
680,0,3,female,,0,0,8.1375,Q,Third,woman,False,,Queenstown,no,True,16274.999999999998
681,1,1,male,27.0,0,0,76.7292,C,First,man,True,D,Cherbourg,yes,True,153458.40000000002
682,0,3,male,20.0,0,0,9.225,S,Third,man,True,,Southampton,no,True,18450.0
683,0,3,male,14.0,5,2,46.9,S,Third,child,False,,Southampton,no,False,93800.0
684,0,2,male,60.0,1,1,39.0,S,Second,man,True,,Southampton,no,False,78000.0
685,0,2,male,25.0,1,2,41.5792,C,Second,man,True,,Cherbourg,no,False,83158.4
686,0,3,male,14.0,4,1,39.6875,S,Third,child,False,,Southampton,no,False,79375.0
687,0,3,male,19.0,0,0,10.1708,S,Third,man,True,,Southampton,no,True,20341.6
688,0,3,male,18.0,0,0,7.7958,S,Third,man,True,,Southampton,no,True,15591.6
689,1,1,female,15.0,0,1,211.3375,S,First,child,False,B,Southampton,yes,False,422675.0
690,1,1,male,31.0,1,0,57.0,S,First,man,True,B,Southampton,yes,False,114000.0
691,1,3,female,4.0,0,1,13.4167,C,Third,child,False,,Cherbourg,yes,False,26833.4
692,1,3,male,,0,0,56.4958,S,Third,man,True,,Southampton,yes,True,112991.6
693,0,3,male,25.0,0,0,7.225,C,Third,man,True,,Cherbourg,no,True,14450.0
694,0,1,male,60.0,0,0,26.55,S,First,man,True,,Southampton,no,True,53100.0
695,0,2,male,52.0,0,0,13.5,S,Second,man,True,,Southampton,no,True,27000.0
696,0,3,male,44.0,0,0,8.05,S,Third,man,True,,Southampton,no,True,16100.000000000002
697,1,3,female,,0,0,7.7333,Q,Third,woman,False,,Queenstown,yes,True,15466.6
698,0,1,male,49.0,1,1,110.8833,C,First,man,True,C,Cherbourg,no,False,221766.6
699,0,3,male,42.0,0,0,7.65,S,Third,man,True,F,Southampton,no,True,15300.0
700,1,1,female,18.0,1,0,227.525,C,First,woman,False,C,Cherbourg,yes,False,455050.0
701,1,1,male,35.0,0,0,26.2875,S,First,man,True,E,Southampton,yes,True,52575.0
702,0,3,female,18.0,0,1,14.4542,C,Third,woman,False,,Cherbourg,no,False,28908.4
703,0,3,male,25.0,0,0,7.7417,Q,Third,man,True,,Queenstown,no,True,15483.4
704,0,3,male,26.0,1,0,7.8542,S,Third,man,True,,Southampton,no,False,15708.4
705,0,2,male,39.0,0,0,26.0,S,Second,man,True,,Southampton,no,True,52000.0
706,1,2,female,45.0,0,0,13.5,S,Second,woman,False,,Southampton,yes,True,27000.0
707,1,1,male,42.0,0,0,26.2875,S,First,man,True,E,Southampton,yes,True,52575.0
708,1,1,female,22.0,0,0,151.55,S,First,woman,False,,Southampton,yes,True,303100.0
709,1,3,male,,1,1,15.2458,C,Third,man,True,,Cherbourg,yes,False,30491.6
710,1,1,female,24.0,0,0,49.5042,C,First,woman,False,C,Cherbourg,yes,True,99008.4
711,0,1,male,,0,0,26.55,S,First,man,True,C,Southampton,no,True,53100.0
712,1,1,male,48.0,1,0,52.0,S,First,man,True,C,Southampton,yes,False,104000.0
713,0,3,male,29.0,0,0,9.4833,S,Third,man,True,,Southampton,no,True,18966.6
714,0,2,male,52.0,0,0,13.0,S,Second,man,True,,Southampton,no,True,26000.0
715,0,3,male,19.0,0,0,7.65,S,Third,man,True,F,Southampton,no,True,15300.0
716,1,1,female,38.0,0,0,227.525,C,First,woman,False,C,Cherbourg,yes,True,455050.0
717,1,2,female,27.0,0,0,10.5,S,Second,woman,False,E,Southampton,yes,True,21000.0
718,0,3,male,,0,0,15.5,Q,Third,man,True,,Queenstown,no,True,31000.0
719,0,3,male,33.0,0,0,7.775,S,Third,man,True,,Southampton,no,True,15550.0
720,1,2,female,6.0,0,1,33.0,S,Second,child,False,,Southampton,yes,False,66000.0
721,0,3,male,17.0,1,0,7.0542,S,Third,man,True,,Southampton,no,False,14108.4
722,0,2,male,34.0,0,0,13.0,S,Second,man,True,,Southampton,no,True,26000.0
723,0,2,male,50.0,0,0,13.0,S,Second,man,True,,Southampton,no,True,26000.0
724,1,1,male,27.0,1,0,53.1,S,First,man,True,E,Southampton,yes,False,106200.0
725,0,3,male,20.0,0,0,8.6625,S,Third,man,True,,Southampton,no,True,17325.0
726,1,2,female,30.0,3,0,21.0,S,Second,woman,False,,Southampton,yes,False,42000.0
727,1,3,female,,0,0,7.7375,Q,Third,woman,False,,Queenstown,yes,True,15475.0
728,0,2,male,25.0,1,0,26.0,S,Second,man,True,,Southampton,no,False,52000.0
729,0,3,female,25.0,1,0,7.925,S,Third,woman,False,,Southampton,no,False,15850.0
730,1,1,female,29.0,0,0,211.3375,S,First,woman,False,B,Southampton,yes,True,422675.0
731,0,3,male,11.0,0,0,18.7875,C,Third,child,False,,Cherbourg,no,True,37575.0
732,0,2,male,,0,0,0.0,S,Second,man,True,,Southampton,no,True,0.0
733,0,2,male,23.0,0,0,13.0,S,Second,man,True,,Southampton,no,True,26000.0
734,0,2,male,23.0,0,0,13.0,S,Second,man,True,,Southampton,no,True,26000.0
735,0,3,male,28.5,0,0,16.1,S,Third,man,True,,Southampton,no,True,32200.000000000004
736,0,3,female,48.0,1,3,34.375,S,Third,woman,False,,Southampton,no,False,68750.0
737,1,1,male,35.0,0,0,512.3292,C,First,man,True,B,Cherbourg,yes,True,1024658.4
738,0,3,male,,0,0,7.8958,S,Third,man,True,,Southampton,no,True,15791.6
739,0,3,male,,0,0,7.8958,S,Third,man,True,,Southampton,no,True,15791.6
740,1,1,male,,0,0,30.0,S,First,man,True,D,Southampton,yes,True,60000.0
741,0,1,male,36.0,1,0,78.85,S,First,man,True,C,Southampton,no,False,157700.0
742,1,1,female,21.0,2,2,262.375,C,First,woman,False,B,Cherbourg,yes,False,524750.0
743,0,3,male,24.0,1,0,16.1,S,Third,man,True,,Southampton,no,False,32200.000000000004
744,1,3,male,31.0,0,0,7.925,S,Third,man,True,,Southampton,yes,True,15850.0
745,0,1,male,70.0,1,1,71.0,S,First,man,True,B,Southampton,no,False,142000.0
746,0,3,male,16.0,1,1,20.25,S,Third,man,True,,Southampton,no,False,40500.0
747,1,2,female,30.0,0,0,13.0,S,Second,woman,False,,Southampton,yes,True,26000.0
748,0,1,male,19.0,1,0,53.1,S,First,man,True,D,Southampton,no,False,106200.0
749,0,3,male,31.0,0,0,7.75,Q,Third,man,True,,Queenstown,no,True,15500.0
750,1,2,female,4.0,1,1,23.0,S,Second,child,False,,Southampton,yes,False,46000.0
751,1,3,male,6.0,0,1,12.475,S,Third,child,False,E,Southampton,yes,False,24950.0
752,0,3,male,33.0,0,0,9.5,S,Third,man,True,,Southampton,no,True,19000.0
753,0,3,male,23.0,0,0,7.8958,S,Third,man,True,,Southampton,no,True,15791.6
754,1,2,female,48.0,1,2,65.0,S,Second,woman,False,,Southampton,yes,False,130000.0
755,1,2,male,0.67,1,1,14.5,S,Second,child,False,,Southampton,yes,False,29000.0
756,0,3,male,28.0,0,0,7.7958,S,Third,man,True,,Southampton,no,True,15591.6
757,0,2,male,18.0,0,0,11.5,S,Second,man,True,,Southampton,no,True,23000.0
758,0,3,male,34.0,0,0,8.05,S,Third,man,True,,Southampton,no,True,16100.000000000002
759,1,1,female,33.0,0,0,86.5,S,First,woman,False,B,Southampton,yes,True,173000.0
760,0,3,male,,0,0,14.5,S,Third,man,True,,Southampton,no,True,29000.0
761,0,3,male,41.0,0,0,7.125,S,Third,man,True,,Southampton,no,True,14250.0
762,1,3,male,20.0,0,0,7.2292,C,Third,man,True,,Cherbourg,yes,True,14458.4
763,1,1,female,36.0,1,2,120.0,S,First,woman,False,B,Southampton,yes,False,240000.0
764,0,3,male,16.0,0,0,7.775,S,Third,man,True,,Southampton,no,True,15550.0
765,1,1,female,51.0,1,0,77.9583,S,First,woman,False,D,Southampton,yes,False,155916.59999999998
766,0,1,male,,0,0,39.6,C,First,man,True,,Cherbourg,no,True,79200.0
767,0,3,female,30.5,0,0,7.75,Q,Third,woman,False,,Queenstown,no,True,15500.0
768,0,3,male,,1,0,24.15,Q,Third,man,True,,Queenstown,no,False,48300.0
769,0,3,male,32.0,0,0,8.3625,S,Third,man,True,,Southampton,no,True,16725.0
770,0,3,male,24.0,0,0,9.5,S,Third,man,True,,Southampton,no,True,19000.0
771,0,3,male,48.0,0,0,7.8542,S,Third,man,True,,Southampton,no,True,15708.4
772,0,2,female,57.0,0,0,10.5,S,Second,woman,False,E,Southampton,no,True,21000.0
773,0,3,male,,0,0,7.225,C,Third,man,True,,Cherbourg,no,True,14450.0
774,1,2,female,54.0,1,3,23.0,S,Second,woman,False,,Southampton,yes,False,46000.0
775,0,3,male,18.0,0,0,7.75,S,Third,man,True,,Southampton,no,True,15500.0
776,0,3,male,,0,0,7.75,Q,Third,man,True,F,Queenstown,no,True,15500.0
777,1,3,female,5.0,0,0,12.475,S,Third,child,False,,Southampton,yes,True,24950.0
778,0,3,male,,0,0,7.7375,Q,Third,man,True,,Queenstown,no,True,15475.0
779,1,1,female,43.0,0,1,211.3375,S,First,woman,False,B,Southampton,yes,False,422675.0
780,1,3,female,13.0,0,0,7.2292,C,Third,child,False,,Cherbourg,yes,True,14458.4
781,1,1,female,17.0,1,0,57.0,S,First,woman,False,B,Southampton,yes,False,114000.0
782,0,1,male,29.0,0,0,30.0,S,First,man,True,D,Southampton,no,True,60000.0
783,0,3,male,,1,2,23.45,S,Third,man,True,,Southampton,no,False,46900.0
784,0,3,male,25.0,0,0,7.05,S,Third,man,True,,Southampton,no,True,14100.0
785,0,3,male,25.0,0,0,7.25,S,Third,man,True,,Southampton,no,True,14500.0
786,1,3,female,18.0,0,0,7.4958,S,Third,woman,False,,Southampton,yes,True,14991.6
787,0,3,male,8.0,4,1,29.125,Q,Third,child,False,,Queenstown,no,False,58250.0
788,1,3,male,1.0,1,2,20.575,S,Third,child,False,,Southampton,yes,False,41150.0
789,0,1,male,46.0,0,0,79.2,C,First,man,True,B,Cherbourg,no,True,158400.0
790,0,3,male,,0,0,7.75,Q,Third,man,True,,Queenstown,no,True,15500.0
791,0,2,male,16.0,0,0,26.0,S,Second,man,True,,Southampton,no,True,52000.0
792,0,3,female,,8,2,69.55,S,Third,woman,False,,Southampton,no,False,139100.0
793,0,1,male,,0,0,30.6958,C,First,man,True,,Cherbourg,no,True,61391.6
794,0,3,male,25.0,0,0,7.8958,S,Third,man,True,,Southampton,no,True,15791.6
795,0,2,male,39.0,0,0,13.0,S,Second,man,True,,Southampton,no,True,26000.0
796,1,1,female,49.0,0,0,25.9292,S,First,woman,False,D,Southampton,yes,True,51858.4
797,1,3,female,31.0,0,0,8.6833,S,Third,woman,False,,Southampton,yes,True,17366.6
798,0,3,male,30.0,0,0,7.2292,C,Third,man,True,,Cherbourg,no,True,14458.4
799,0,3,female,30.0,1,1,24.15,S,Third,woman,False,,Southampton,no,False,48300.0
800,0,2,male,34.0,0,0,13.0,S,Second,man,True,,Southampton,no,True,26000.0
801,1,2,female,31.0,1,1,26.25,S,Second,woman,False,,Southampton,yes,False,52500.0
802,1,1,male,11.0,1,2,120.0,S,First,child,False,B,Southampton,yes,False,240000.0
803,1,3,male,0.42,0,1,8.5167,C,Third,child,False,,Cherbourg,yes,False,17033.4
804,1,3,male,27.0,0,0,6.975,S,Third,man,True,,Southampton,yes,True,13950.0
805,0,3,male,31.0,0,0,7.775,S,Third,man,True,,Southampton,no,True,15550.0
806,0,1,male,39.0,0,0,0.0,S,First,man,True,A,Southampton,no,True,0.0
807,0,3,female,18.0,0,0,7.775,S,Third,woman,False,,Southampton,no,True,15550.0
808,0,2,male,39.0,0,0,13.0,S,Second,man,True,,Southampton,no,True,26000.0
809,1,1,female,33.0,1,0,53.1,S,First,woman,False,E,Southampton,yes,False,106200.0
810,0,3,male,26.0,0,0,7.8875,S,Third,man,True,,Southampton,no,True,15775.0
811,0,3,male,39.0,0,0,24.15,S,Third,man,True,,Southampton,no,True,48300.0
812,0,2,male,35.0,0,0,10.5,S,Second,man,True,,Southampton,no,True,21000.0
813,0,3,female,6.0,4,2,31.275,S,Third,child,False,,Southampton,no,False,62550.0
814,0,3,male,30.5,0,0,8.05,S,Third,man,True,,Southampton,no,True,16100.000000000002
815,0,1,male,,0,0,0.0,S,First,man,True,B,Southampton,no,True,0.0
816,0,3,female,23.0,0,0,7.925,S,Third,woman,False,,Southampton,no,True,15850.0
817,0,2,male,31.0,1,1,37.0042,C,Second,man,True,,Cherbourg,no,False,74008.4
818,0,3,male,43.0,0,0,6.45,S,Third,man,True,,Southampton,no,True,12900.0
819,0,3,male,10.0,3,2,27.9,S,Third,child,False,,Southampton,no,False,55800.0
820,1,1,female,52.0,1,1,93.5,S,First,woman,False,B,Southampton,yes,False,187000.0
821,1,3,male,27.0,0,0,8.6625,S,Third,man,True,,Southampton,yes,True,17325.0
822,0,1,male,38.0,0,0,0.0,S,First,man,True,,Southampton,no,True,0.0
823,1,3,female,27.0,0,1,12.475,S,Third,woman,False,E,Southampton,yes,False,24950.0
824,0,3,male,2.0,4,1,39.6875,S,Third,child,False,,Southampton,no,False,79375.0
825,0,3,male,,0,0,6.95,Q,Third,man,True,,Queenstown,no,True,13900.0
826,0,3,male,,0,0,56.4958,S,Third,man,True,,Southampton,no,True,112991.6
827,1,2,male,1.0,0,2,37.0042,C,Second,child,False,,Cherbourg,yes,False,74008.4
828,1,3,male,,0,0,7.75,Q,Third,man,True,,Queenstown,yes,True,15500.0
829,1,1,female,62.0,0,0,80.0,,First,woman,False,B,,yes,True,160000.0
830,1,3,female,15.0,1,0,14.4542,C,Third,child,False,,Cherbourg,yes,False,28908.4
831,1,2,male,0.83,1,1,18.75,S,Second,child,False,,Southampton,yes,False,37500.0
832,0,3,male,,0,0,7.2292,C,Third,man,True,,Cherbourg,no,True,14458.4
833,0,3,male,23.0,0,0,7.8542,S,Third,man,True,,Southampton,no,True,15708.4
834,0,3,male,18.0,0,0,8.3,S,Third,man,True,,Southampton,no,True,16600.0
835,1,1,female,39.0,1,1,83.1583,C,First,woman,False,E,Cherbourg,yes,False,166316.6
836,0,3,male,21.0,0,0,8.6625,S,Third,man,True,,Southampton,no,True,17325.0
837,0,3,male,,0,0,8.05,S,Third,man,True,,Southampton,no,True,16100.000000000002
838,1,3,male,32.0,0,0,56.4958,S,Third,man,True,,Southampton,yes,True,112991.6
839,1,1,male,,0,0,29.7,C,First,man,True,C,Cherbourg,yes,True,59400.0
840,0,3,male,20.0,0,0,7.925,S,Third,man,True,,Southampton,no,True,15850.0
841,0,2,male,16.0,0,0,10.5,S,Second,man,True,,Southampton,no,True,21000.0
842,1,1,female,30.0,0,0,31.0,C,First,woman,False,,Cherbourg,yes,True,62000.0
843,0,3,male,34.5,0,0,6.4375,C,Third,man,True,,Cherbourg,no,True,12875.0
844,0,3,male,17.0,0,0,8.6625,S,Third,man,True,,Southampton,no,True,17325.0
845,0,3,male,42.0,0,0,7.55,S,Third,man,True,,Southampton,no,True,15100.0
846,0,3,male,,8,2,69.55,S,Third,man,True,,Southampton,no,False,139100.0
847,0,3,male,35.0,0,0,7.8958,C,Third,man,True,,Cherbourg,no,True,15791.6
848,0,2,male,28.0,0,1,33.0,S,Second,man,True,,Southampton,no,False,66000.0
849,1,1,female,,1,0,89.1042,C,First,woman,False,C,Cherbourg,yes,False,178208.40000000002
850,0,3,male,4.0,4,2,31.275,S,Third,child,False,,Southampton,no,False,62550.0
851,0,3,male,74.0,0,0,7.775,S,Third,man,True,,Southampton,no,True,15550.0
852,0,3,female,9.0,1,1,15.2458,C,Third,child,False,,Cherbourg,no,False,30491.6
853,1,1,female,16.0,0,1,39.4,S,First,woman,False,D,Southampton,yes,False,78800.0
854,0,2,female,44.0,1,0,26.0,S,Second,woman,False,,Southampton,no,False,52000.0
855,1,3,female,18.0,0,1,9.35,S,Third,woman,False,,Southampton,yes,False,18700.0
856,1,1,female,45.0,1,1,164.8667,S,First,woman,False,,Southampton,yes,False,329733.4
857,1,1,male,51.0,0,0,26.55,S,First,man,True,E,Southampton,yes,True,53100.0
858,1,3,female,24.0,0,3,19.2583,C,Third,woman,False,,Cherbourg,yes,False,38516.6
859,0,3,male,,0,0,7.2292,C,Third,man,True,,Cherbourg,no,True,14458.4
860,0,3,male,41.0,2,0,14.1083,S,Third,man,True,,Southampton,no,False,28216.6
861,0,2,male,21.0,1,0,11.5,S,Second,man,True,,Southampton,no,False,23000.0
862,1,1,female,48.0,0,0,25.9292,S,First,woman,False,D,Southampton,yes,True,51858.4
863,0,3,female,,8,2,69.55,S,Third,woman,False,,Southampton,no,False,139100.0
864,0,2,male,24.0,0,0,13.0,S,Second,man,True,,Southampton,no,True,26000.0
865,1,2,female,42.0,0,0,13.0,S,Second,woman,False,,Southampton,yes,True,26000.0
866,1,2,female,27.0,1,0,13.8583,C,Second,woman,False,,Cherbourg,yes,False,27716.6
867,0,1,male,31.0,0,0,50.4958,S,First,man,True,A,Southampton,no,True,100991.6
868,0,3,male,,0,0,9.5,S,Third,man,True,,Southampton,no,True,19000.0
869,1,3,male,4.0,1,1,11.1333,S,Third,child,False,,Southampton,yes,False,22266.600000000002
870,0,3,male,26.0,0,0,7.8958,S,Third,man,True,,Southampton,no,True,15791.6
871,1,1,female,47.0,1,1,52.5542,S,First,woman,False,D,Southampton,yes,False,105108.40000000001
872,0,1,male,33.0,0,0,5.0,S,First,man,True,B,Southampton,no,True,10000.0
873,0,3,male,47.0,0,0,9.0,S,Third,man,True,,Southampton,no,True,18000.0
874,1,2,female,28.0,1,0,24.0,C,Second,woman,False,,Cherbourg,yes,False,48000.0
875,1,3,female,15.0,0,0,7.225,C,Third,child,False,,Cherbourg,yes,True,14450.0
876,0,3,male,20.0,0,0,9.8458,S,Third,man,True,,Southampton,no,True,19691.600000000002
877,0,3,male,19.0,0,0,7.8958,S,Third,man,True,,Southampton,no,True,15791.6
878,0,3,male,,0,0,7.8958,S,Third,man,True,,Southampton,no,True,15791.6
879,1,1,female,56.0,0,1,83.1583,C,First,woman,False,C,Cherbourg,yes,False,166316.6
880,1,2,female,25.0,0,1,26.0,S,Second,woman,False,,Southampton,yes,False,52000.0
881,0,3,male,33.0,0,0,7.8958,S,Third,man,True,,Southampton,no,True,15791.6
882,0,3,female,22.0,0,0,10.5167,S,Third,woman,False,,Southampton,no,True,21033.4
883,0,2,male,28.0,0,0,10.5,S,Second,man,True,,Southampton,no,True,21000.0
884,0,3,male,25.0,0,0,7.05,S,Third,man,True,,Southampton,no,True,14100.0
885,0,3,female,39.0,0,5,29.125,Q,Third,woman,False,,Queenstown,no,False,58250.0
886,0,2,male,27.0,0,0,13.0,S,Second,man,True,,Southampton,no,True,26000.0
887,1,1,female,19.0,0,0,30.0,S,First,woman,False,B,Southampton,yes,True,60000.0
888,0,3,female,,1,2,23.45,S,Third,woman,False,,Southampton,no,False,46900.0
889,1,1,male,26.0,0,0,30.0,C,First,man,True,C,Cherbourg,yes,True,60000.0
890,0,3,male,32.0,0,0,7.75,Q,Third,man,True,,Queenstown,no,True,15500.0
